,liwc_Posemo,liwc_Negemo,liwc_Anx,liwc_Anger,liwc_Sad,liwc_Swear,liwc_Tentat,liwc_Certain,empath_swearing_terms,empath_science,empath_negative_emotion,empath_positive_emotion,date,time_delta,party,year,month
0,-1.0268479098763121,4.462423480187976,3.5897320231030587,4.047611511523585,2.580754284477193,4.09535825146636,-2.203550306095809,-2.0040850761193694,4.277959640973072,-2.6028714103972166,1.1335521074120378,-1.0475201617624368,2008-09-15,0,0,2008,9
1,-3.006898911620486,3.0548283132408125,2.221471785447263,2.373802028729059,1.660006225347584,3.067512035800164,-1.1147176678442832,-1.2489361111605966,3.226339053924509,-1.5243049671050584,1.1538057081052657,-1.1139565415707282,2008-09-15,0,1,2008,9
2,-2.387019000152219,2.4520593795644747,3.7387578613568566,1.9777634002906137,0.9143156059696993,2.7888359249705426,-0.8444078530033595,-1.2708930524642423,2.870881657006502,-1.942041005520435,1.7964274884288407,-0.8552051859030315,2008-10-15,1,1,2008,10
3,-0.9433064694862365,4.454756904662387,4.831903508212041,3.7576128517081067,0.8742139636988707,3.89000372682949,-0.2928711259110333,-2.0377566969286107,4.230278737359386,-3.006432694098191,2.4785045831130765,-1.334768305758302,2008-10-15,1,0,2008,10
4,0.9841445290035306,-0.6413751892696105,0.8040587598024448,-0.6795336109584571,-0.5620384907358806,2.2115206485303074,0.743980617631026,-1.1874443189357453,1.6297606719339872,-3.261828968079045,-0.17662582701269208,1.5152775422463567,2008-11-15,2,1,2008,11
5,1.6506352974790663,1.4369596869829624,1.0737194502091456,0.7735685853688868,3.7109748380404324,3.919842016106511,1.0017671112726825,-0.6841441062472601,2.44575006130446,-2.9662203621904095,1.2632296385752193,0.6929041092178332,2008-11-15,2,0,2008,11
6,-0.01686220805656469,2.668030937614869,1.94861978716754,1.6073083786694873,3.017441986359174,1.8572519305753712,2.019525367022917,-0.2808966577362591,2.2102871785386475,-2.6903605053175115,0.542634465840831,-0.526348606868616,2008-12-15,3,0,2008,12
7,-1.157365139903033,0.2504797651056952,0.5125221895226898,-1.2906253983884162,1.7622627682329488,1.341276037642848,2.0405578413268173,0.8849326325693938,0.8854753107601583,-1.172805524284727,-0.27451395419050706,-0.8254652123545863,2008-12-15,3,1,2008,12
8,0.872963548099828,-1.1600638703540447,0.47248055075852335,-1.6537553493859203,-1.1312210399503495,-0.019281388474510976,0.43159526770676365,0.6122332380619883,0.16885180758442075,-2.983673765213865,-1.0410010916944916,1.9199437463507174,2009-01-15,4,1,2009,1
9,0.5625858767795967,1.5850729182966732,1.4864242385031115,0.27954890567772755,2.0384641305958704,1.6558704628735272,1.6520673862879742,0.14493077817989006,1.863266476505536,-2.639801335939416,0.13450765702138395,0.9972743319833103,2009-01-15,4,0,2009,1
10,-0.4516424694923955,3.1379149755396774,1.3106237887091765,2.3674071434974686,1.7410614464912206,4.736756251666896,1.8432267026841804,-1.0704772728305083,4.786288602689662,-1.9157661561805979,1.9242117758711297,-0.6611161158676424,2009-02-15,5,0,2009,2
11,-1.4373142221161628,1.1446254057742742,0.8897116903841823,0.12400828872827643,0.6142908108551545,2.4358263895775636,0.4161870728895396,-0.4334351548078507,2.264603473393855,-1.2972850593367755,0.20428580447664063,-0.36446324117832823,2009-02-15,5,1,2009,2
12,-1.4162264071280206,2.389116188309501,1.15102202113726,1.9609018251775536,1.5157059040248226,3.5690294140350445,2.1604527082706135,-1.8162127866815045,3.8020045362356445,-0.16215817071116806,2.009256297686798,-0.8413044634484745,2009-03-15,6,0,2009,3
13,-0.8887786492882982,1.0428996133169295,0.5978615000460193,0.36251058360793725,0.8246725074523423,1.2445944928124881,-0.24794264078663145,-0.27968573196045077,1.2221586898724222,1.3037082109162474,0.45513352289826503,-1.2366503173298309,2009-03-15,6,1,2009,3
14,-0.9695848287027036,1.3041504157931152,1.646804727252945,0.9302126052167734,0.07790718152598007,0.3306908550637749,-0.6739464770417429,-0.43066699294813954,0.4030873458065984,0.2907270642880852,-0.14747582109523374,-0.8043737132313111,2009-04-15,7,1,2009,4
15,-1.3596843570072736,1.7826002974468977,1.3077742604004823,1.4928359698677225,0.697917248178984,1.7726509978197427,1.613561973403028,-1.7863240461375982,1.9093083917322407,-0.9444269256641236,0.9079271443863985,-1.1559589096352634,2009-04-15,7,0,2009,4
16,0.08426207804839624,1.5287740555862979,1.7511492999258969,0.9535978187900187,0.39273120351030927,0.9244270944365748,3.557659134452384,-0.279816568735343,0.5429839122503689,-1.8307754531276113,1.0073982204622471,-0.07551407848266647,2009-05-15,8,0,2009,5
17,-0.07371433594212065,0.32561339913431625,1.5720667820355367,0.2890565098543963,-1.6252430727961285,0.2791018549640572,1.3058688115187227,0.2446334849440323,-0.24750376390658646,-0.4512295768330631,-0.41095451887775714,0.23905741059564753,2009-05-15,8,1,2009,5
18,-0.7335641966566299,0.6574040408934566,0.3248988449772243,-0.4390449268082975,3.0790402172364053,1.347014608963838,2.709372704662998,0.05233769666309508,0.6786756511972668,-1.0346749178766035,1.0625741506517632,1.0122583370124463,2009-06-15,9,0,2009,6
19,-1.4074762317801628,0.14785719549223242,1.0154193559874811,-0.3579946055414943,-0.2789872761911961,-0.37146245399201794,-0.3059927202830205,-0.4019823269679108,-0.6896330087423127,-0.0035719202667708286,0.39493449428038085,0.8248030855381426,2009-06-15,9,1,2009,6
20,-1.4506496568402063,1.2218863370591617,0.5139436038413642,0.49563262663905533,1.5475104414413927,1.3282946051839037,2.0045730559424895,-0.15883270639915836,1.40034130690009,-0.6027860638427032,1.4134325040121358,0.9148090010619626,2009-07-15,10,0,2009,7
21,-0.7678819044396347,-0.416901670738846,-0.000194062574708465,-0.583942894386553,-1.1659061635839545,0.04947059872704503,0.16832676580487918,0.35070550049047783,-0.30120689752147395,1.2430814615535912,1.4350332602948168,1.4205170657259252,2009-07-15,10,1,2009,7
22,1.0057995562629727,0.1650384566272252,1.2145138739029324,-0.3808070400940733,0.5337277572056351,0.7712583000998279,3.1667419004151043,0.4202300532076492,1.0420806852414894,-0.5647101651863821,3.6659718666605876,3.5620210716151637,2009-08-15,11,0,2009,8
23,0.9625797381262536,-0.45708340984748597,0.7218599476992595,-0.6909750263706701,-0.20351713661082668,-0.17553942621270008,1.3523790050480662,0.6537251888905601,-0.043391981262429914,0.3248724304390679,4.001874971749895,4.800816306435383,2009-08-15,11,1,2009,8
24,0.37270496501405814,-0.1870860581590999,0.74214508314861,-0.36750689296831324,0.0013066107067403788,-0.048447423276570714,1.1817936308704298,0.3168829772729952,-0.024712203268822855,0.4409100578845019,2.352167901003238,2.2356387780789913,2009-09-15,12,1,2009,9
25,0.7466580089301386,0.8391275691105892,0.2936674058541997,1.0753721540060182,-0.9692171723845122,0.8148580153166974,2.2926022800883232,-0.19625205170208013,1.3535409488088055,-1.3704227185513165,2.235863297786754,1.7778878896066008,2009-09-15,12,0,2009,9
26,1.2797602781510415,-0.02565678375957765,0.31619861616657885,-0.042690146585271725,-0.6111399891423495,0.43854080122607875,0.40733399875783227,-0.7780662117806054,0.12110453958432447,0.6779682104457004,1.172671912747553,0.4907948349890269,2009-10-15,13,1,2009,10
27,1.205900940183163,0.27703144949402786,-0.08894846846008515,0.34763229878627117,-0.951249906669522,0.6039539304338017,2.1737551384899367,-0.08947671245830503,1.078501318094595,-0.203733762595577,1.3351301003515335,0.8084460389185935,2009-10-15,13,0,2009,10
28,2.168933518234568,0.398287142943949,1.4777901050204325,0.33765988333043356,-0.2583578398958755,0.9990972407082243,1.1551743312276366,-0.04484528708110805,1.0689720104147729,-1.567786009590152,2.1710963230569145,2.664165235370139,2009-11-15,14,0,2009,11
29,0.7595729236985931,-0.30890237211695726,0.3827745254988849,-0.6093817918857286,-0.12595609472505798,-0.02331313006464109,-0.6550084656533117,-0.4047993899686724,-0.2560463528180004,0.20240515747611643,1.5584890053820464,1.2225541191377163,2009-11-15,14,1,2009,11
30,0.5095766082363146,0.5705828878328323,0.26363950403927017,-0.04775515110746893,1.4784420183740228,1.1002890277933577,2.013722250103769,-0.3247917934938171,1.4651631576545703,-0.7769357732329107,1.2852325055431424,0.7053973407402576,2009-12-15,15,0,2009,12
31,0.4057173884665843,0.9269377095732582,0.7651266821473028,0.8145468762320663,1.2410135514329317,0.42676304199540355,-0.21903607068783726,-0.03871759825202169,0.014204734882914065,-0.0005048577700861497,1.2599444455036326,0.3460133083444224,2009-12-15,15,1,2009,12
32,-0.17102681111266432,1.1077920907619034,0.9538443935317323,-0.30068842136007984,3.003663656958741,0.3075858700958992,-0.4575113902667299,-1.4652037283139445,0.21111007157056683,-0.45353684683049844,1.3899156463329394,0.28974020121630417,2010-01-15,16,1,2010,1
33,0.8406630338149922,0.7629459230015393,1.2310362335800553,-0.22029164287001177,1.1171083736189245,0.5807432425880611,2.005179418382119,-0.7145363943059,0.9125817547666814,-2.007607778248756,1.7190686529868284,0.36766146099029745,2010-01-15,16,0,2010,1
34,-0.6584546815800923,-0.19296750594979098,0.09398565051354796,-0.9033474863901295,-0.27839255432736276,-0.05340077691925722,0.31789562232602564,-1.7752125859545014,0.11798844457809182,1.1599902667853128,0.4262154628590334,-0.35816675488108934,2010-02-15,17,1,2010,2
35,-0.06759736295804329,-0.07403241426998808,0.18459311604438192,-0.7422529663382583,0.43934351452781234,0.3484322581748533,1.1166848779417478,-1.6049512034464997,1.0951018778628034,-0.8057751958212499,0.7552461304521507,-0.4053485790316213,2010-02-15,17,0,2010,2
36,-0.18330109625302166,0.07000721112948893,0.564215763216224,-0.3457939017298659,0.41375799431764065,-0.041077223870182006,-0.7722135952915082,-1.2804701409988244,-0.10440310928072281,-0.5330466438958154,2.4884322235865937,1.4121236484021886,2010-03-15,18,1,2010,3
37,-0.21205488886040377,0.1880777327924575,-0.08530594788637116,0.037328570791829364,0.19073618027069444,0.4477901094885753,0.9411741524739038,-1.7522945392989668,0.9049963042813076,-0.9740304333505031,2.346599442463229,0.5223030246402439,2010-03-15,18,0,2010,3
38,0.742268363972055,0.2438831962956337,-0.4934232008282289,-0.06279287155192054,-0.6100437705146687,0.7221703082130704,1.37987336961912,-1.6487094957902808,1.2185745535229722,-1.5376678844361515,1.3903689021915764,0.40412331017805264,2010-04-15,19,0,2010,4
39,0.14204956066002117,1.0437435103568315,1.5701494623245036,0.8591903030305524,-0.0037275804189981243,-0.26017651291471866,-0.2460433498384578,-1.92114018814403,-0.008326983827992957,0.5719349191589069,0.9070953724687056,0.03432722479635719,2010-04-15,19,1,2010,4
40,-1.2561636316292137,0.40146247610580754,0.6305183120887108,-0.20266562980807984,1.036112178067114,0.1722992000987482,-1.2718700098958675,-0.4574025113561123,0.017401352467394625,0.5542017623301346,-0.1114717319110228,-1.4071358619768428,2010-07-15,22,1,2010,7
41,-0.38987573157334454,-0.24188208843090334,0.7895823224537166,-0.7337284654892682,-0.09010802061945535,0.18166133041115207,0.21149491211027335,-0.8359038977864499,0.8131218793251912,-1.1329311000557116,-0.04093717419086412,-1.2810240037405902,2010-07-15,22,0,2010,7
42,-0.3204744798053902,0.05568537190897912,-0.18253998280843634,0.4269528081298329,0.12468499144572648,1.2902845841986774,1.0516883585481906,-1.0556207420552715,1.0831536580679753,-1.5012413737159718,0.9153632525704399,-0.4545665306376072,2010-08-15,23,0,2010,8
43,-0.7377016926016299,-0.3250906664727467,-0.5075726452906599,-0.4582820201541298,0.4485498009886815,-0.004961562433528623,-1.039808952861193,-0.7198906263253494,0.14561254669540985,0.37892958218406636,0.2555857349890684,-0.9216493503685971,2010-08-15,23,1,2010,8
44,-0.2504361672916237,0.6395713881514645,-0.05242130351436257,0.39894488847660275,1.408912893090494,-0.07020846335928739,-1.6699436796361218,-1.11422465496755,-0.19801270257040132,1.5411819867739815,0.04796141983633054,-1.1839770433898633,2010-09-15,24,1,2010,9
45,0.6043672781891788,0.3204194006805342,-0.16579622891451745,0.3742334472263271,0.2179910056996379,0.4465127382529794,0.36020510264155686,-0.1748722910347095,0.8874861168977445,-1.1657004673581095,0.8143791283242968,-0.8626261867567773,2010-09-15,24,0,2010,9
46,-0.6059733283213494,-0.02178840760398158,-0.09133764696316662,-0.09336258342476046,-1.0113392358049267,0.0864670199859915,-1.5485780378406813,-1.0069019998405937,0.3769093930901639,-0.12003416396890919,0.7878326361047218,-0.8640859295031961,2010-10-15,25,1,2010,10
47,-0.21104070226235447,0.15976476881691118,-0.2819170342922828,0.36926535741775307,-0.850568846291359,0.39957534785762766,0.18640063114709562,-0.8007859420194388,0.12428899480025804,-2.0388670065063454,1.0156127609862573,-0.4095965789063844,2010-10-15,25,0,2010,10
48,1.9171981600115156,-0.34611299944943,-0.036203730275333544,-0.9733383832630013,1.5037967254919742,-0.013702535043296372,-0.8676629497092851,1.0554152905434167,-0.20842446968159564,0.004741815961489374,-0.0941540932788929,0.22276932331239235,2010-11-15,26,1,2010,11
49,1.7982197044256578,-0.7711742413711123,-0.44785877137950386,-0.31819838874814854,-0.980246848307835,0.5995045164457818,1.523857422007123,0.6363650685537099,0.23569150579373585,-2.184305480451252,0.4200931731205108,0.7493432707968852,2010-11-15,26,0,2010,11
50,0.6922023641752489,-0.5318368317861999,-0.45617706231892613,-0.5820872868720373,-0.09404814057629803,0.5719244770868764,1.0382643058771246,0.7935109706081466,0.7677478046041771,-0.7116992408566701,0.025224080175606515,-0.12793001292264597,2010-12-15,27,0,2010,12
51,0.7412330876015388,0.25410251154926333,-0.47776957203153864,-0.1696138762662353,1.8672277272561337,-0.4331351578291064,-0.8901457716505519,0.018395524499262076,0.3744528088008964,1.1933729758903473,-0.4439377664295008,-1.0373452692778928,2010-12-15,27,1,2010,12
52,-0.27869904445651256,-0.25057524168765427,-1.6236510452655546,0.32336035030491656,-0.7726619865907457,0.060599288144044215,0.8175931024012745,-0.3701438149459012,0.5125941615264089,-1.0255902231024931,0.3379065759809117,-0.323147116354606,2011-01-15,28,0,2011,1
53,0.7744533878730421,0.09327007930688609,-0.2851071952516297,-0.264178766316258,2.1717196731094166,-0.5021888577937701,-1.4206439899478596,-0.18928045787646916,-0.9530782275895483,0.7923505382909254,0.08267689067070004,0.38179947964538935,2011-01-15,28,1,2011,1
54,-2.0052051013507928,0.11638408199949116,-0.8236403901240251,0.4431720363652169,-0.7053002608338829,0.28887283366013655,1.5713520271060162,-0.9879310709628984,0.09525142920657813,-0.2433164892183543,-0.2588485430969362,-0.8451607113385785,2011-02-15,29,0,2011,2
55,-0.794361831063081,-0.8385493829149032,-0.6100613105710735,-0.7143606187567684,-1.3049087700316655,-0.7792784347623533,-1.4124711516034338,-0.8157351999610256,-0.9708456836417667,2.138236977603467,-1.0089216339496847,-1.201868948540762,2011-02-15,29,1,2011,2
56,-2.5419837459499157,0.38774054188776924,0.38664025804022717,0.02875392893909864,-0.06523566448430267,-0.2035882873427829,1.5074277462980064,-0.256036225443966,0.05856119761419049,-0.06497690282104218,0.07399113230428475,-1.248952154248704,2011-03-15,30,0,2011,3
57,-2.299721087344887,0.4005856655382473,-0.002966595391528624,0.4049511559229578,-0.41053084207687945,-0.28124957088487174,-0.8299488925884331,-0.7415631983580961,-0.745688329518256,1.5945010616385782,-0.6344795618035123,-1.7756701800612236,2011-03-15,30,1,2011,3
58,-1.6752175641776503,-0.07484713692775483,-0.5759758714505769,-0.5623866583273811,0.03013601207294177,0.08554024243216313,1.5920577766277348,-0.9340598975842873,-0.06935479306620669,-0.7457196819154409,0.0021326577720872293,-0.8769211999491708,2011-04-15,31,0,2011,4
59,-1.04914685545149,-0.1852528555334589,-0.3866684287411446,-0.837585748101749,-0.2423310902040738,-0.6632551530663203,-0.5850574493539413,-1.0601507822917466,-0.16172400785410507,1.5938473256608787,-0.33410536432788396,-0.8492719884624229,2011-04-15,31,1,2011,4
60,0.05226644153632205,-0.15791811520022808,0.20285343520312926,-0.1258994820343613,-0.7151987560453789,0.018004134850078325,1.6934627472968813,-0.3312378302943395,-0.20282720104483395,-1.0014833515752928,0.29698962269886625,0.40397322090539484,2011-05-15,32,0,2011,5
61,-0.10529978934537315,0.6440931816246359,2.103098227689822,0.638227460436025,0.5021086951881384,-0.7412343406052398,-1.037262003388417,1.1123930795221189,-0.811300190179604,0.6636211726713157,0.28216602245794714,-0.44907721049594324,2011-05-15,32,1,2011,5
62,-0.7060803547116956,-0.4065003121273754,-0.7215142457760405,-0.8351153395845962,-0.2850303602926228,-0.08116437444832708,1.0690019169329863,-1.0966302873236382,-0.04486576583449101,-1.1385872914137354,-0.47728866234487355,-0.31132626464291513,2011-06-15,33,0,2011,6
63,-1.6295985839959466,0.7799244083050132,1.0006622804104244,-0.008357944043591643,1.9023760337451305,0.08727006971534747,-0.3810833906345122,-0.7304215959343585,-0.49783252898703906,0.8597586624884416,-0.42115364959370427,-1.1276594333714989,2011-06-15,33,1,2011,6
64,-1.3931489099025622,-0.11278671522595853,1.0437820395126827,-0.9043885599471071,-0.1486040618640735,-0.46951695592414,0.1367053423131651,-0.945245534414468,-0.4693797865258922,1.0616196468347057,-0.4714657002603727,-1.818303974840723,2011-07-15,34,1,2011,7
65,-1.0156029946651148,-0.2340278374368068,0.03820111000653411,-0.9836634136164866,0.11774070887352146,0.324523520796735,1.1961123516031844,-0.6564190263295389,0.3311828984637973,-0.9653112005345911,-0.18575587292491402,-0.876909895157212,2011-07-15,34,0,2011,7
66,0.2965150646721027,-0.5366380897756071,-0.5760354474926247,-0.823206271182578,0.16917695843097824,0.42684632144260737,1.9437583936015868,-0.48209273340123465,0.5921893424205957,-0.9511762579837459,-0.1599683066042622,-0.5930442361277596,2011-08-15,35,0,2011,8
67,-0.8130704185265614,0.585193209609715,1.0199676360942855,-0.4993942844105356,1.9186905271945254,-0.10636846298697633,-1.59913306286715,-0.02827937167184059,0.06142513164031836,0.47046371097144685,0.13340755408083416,-1.620541540687225,2011-08-15,35,1,2011,8
68,0.5386589991832074,0.1352412967381467,0.32627346731647405,-0.29008547136481994,0.46119718244615915,0.11973516532480974,0.7804195690211555,-0.16949004179009186,-0.05198964583228982,-0.39883098871017403,0.11598596788990106,-0.3304325362808522,2011-09-15,36,0,2011,9
69,-0.015102765328901884,0.4140164940679481,0.6494381873389279,-0.004376121187337461,1.379639801020476,0.020565642313930627,-0.9289377728728796,-1.2104488038261507,-0.39972727264431346,2.848962784702284,-0.10458361909903148,-1.588645290152892,2011-09-15,36,1,2011,9
70,0.41737486831065557,-0.37718203681457246,-1.1763577657063968,-0.009053735756704637,-0.9369574637767477,-0.16732460700262614,1.3741923355263939,-0.8313515953501781,-0.12043659416113095,-0.8982022066444011,-0.23852405745206937,-0.9528579638647944,2011-10-15,37,0,2011,10
71,0.20440866411740843,0.40436721561228817,-0.08432398962079526,0.8804509476987484,0.1261664271032673,-0.06139406185430994,-0.7180658765512986,-1.4452424736152476,-0.4808357291540997,0.6908981554663806,-0.4033853838295282,-1.3360800107387354,2011-10-15,37,1,2011,10
72,0.3953539050560835,-0.10875130056161958,-0.22154969686315604,-0.44633957195226637,1.5159229425185317,-0.6196747675305153,-1.3140109377636124,-0.030409363321614313,-0.8845493935496092,0.7780237402920177,-0.9670805118834873,-1.0280084053752898,2011-11-15,38,1,2011,11
73,-0.6961740925674136,-0.3676475346121126,-0.9649713930064907,-0.0032074594280686033,-0.9514190895665915,-0.17808410371718902,2.649171719083704,0.620621664661526,-0.12089029941579013,-1.3275265749122478,-0.3943190002401314,-0.9291452952260583,2011-11-15,38,0,2011,11
74,-0.4676656301046725,0.2712393033188137,-0.3877098230232622,0.6200927504038963,0.7251460021095676,-0.45764010233443664,-1.112205478568836,-0.7910995500261923,-0.2745873992994708,2.6865366542763174,-0.40647160040921554,-0.4765868956270256,2011-12-15,39,1,2011,12
75,0.4304366998716485,-0.28122791849470136,-0.9817187176548585,0.3655463574794856,-1.8221575101230056,0.06739632910294596,3.3446344546565836,-0.6008768007311731,-0.05336777948617484,-1.8916703229518586,-0.2111404705902624,0.2807790539538495,2011-12-15,39,0,2011,12
76,0.6442565331444527,-0.8741127652612499,-1.5433702740144672,0.17536885959480694,-0.9746967944836477,-0.09782442295380876,2.7487775422786207,-1.524800906134664,-0.3569243442444782,-2.8203144419691633,0.07365625040067553,0.1459332190529731,2012-01-15,40,0,2012,1
77,0.46560564276985533,-1.025164409184085,-1.335105687396476,-0.3908932008813601,-0.6291476797768507,-0.48905297537303083,-0.8290581874029602,-0.030583606571323484,-0.6150589639781083,1.9438729326403497,-1.1763267881296486,-0.8727409928158804,2012-01-15,40,1,2012,1
78,0.2310646745619512,-0.4340019923365154,-1.4552538026815316,0.1582378941140912,-0.15296015747219868,0.09711780740842456,1.009642777837541,-1.5528235471344054,0.29351466206367843,-2.0679349905387516,0.5901212020170833,0.3350936150265207,2012-02-15,41,0,2012,2
79,-0.6281719605957179,-0.8399378455221248,-0.7968161671688612,-0.2832751470624535,-1.154301088654297,-0.879897948595921,-1.0974305396558706,-0.45314016519043276,-0.8597634313257452,1.3429877891653423,-0.8439995792549141,-0.4636364070182628,2012-02-15,41,1,2012,2
80,0.3626662984662593,-1.1002774814310736,-1.1287954832161495,-0.9358847311573996,-0.6702600453434134,-0.1567770971142585,2.083703066046714,-0.7569881149816794,-0.027013132113230566,-1.2951843016123326,-0.009564006952543135,-0.05646623604219377,2012-03-15,42,0,2012,3
81,-0.7369367784321181,0.015140521535739174,-0.07605083577477711,0.449892537516209,0.25120284320705455,-0.6875348648751426,-0.18447683905443168,-0.5287426645307592,-0.557250748575423,0.8439630239573016,-0.1258826532061572,-0.5394413991832769,2012-03-15,42,1,2012,3
82,-0.6809608701600157,-0.7728202104381166,-0.9151153776681098,-0.4137488635319733,-0.05572981559693154,0.443465283757193,-1.2332821672959136,-0.20422986883411912,-0.718511315176987,1.7837016545252582,-0.5812764785826774,-0.8522996180498283,2012-04-15,43,1,2012,4
83,0.808965988072687,-1.2135122290236975,-1.7553999891864187,-0.9572215669851908,0.1078027827810833,-0.1464945254247347,1.8999905602332767,-0.19804720743189996,-0.5432919764306906,-1.2201004650110654,-0.1095921411011817,-0.13821958285358169,2012-04-15,43,0,2012,4
84,0.16640858546867618,0.09905039231895432,0.22505940342619682,0.5081253549557864,-0.09853845295441352,0.01685091733438833,-1.6365760822446365,0.5996694569413817,-0.0718407017838207,0.10859598783500903,0.09252573365563302,-0.34994863266461196,2012-05-15,44,1,2012,5
85,0.3418380356739991,-0.8667177173328926,-1.0504576793688187,-0.6693604656875511,0.1800383138057218,0.4696342343602878,0.6817096128996012,-0.1718358594745106,0.32972444213066826,-0.7764855119342979,0.029612563877956154,-0.3140067976184902,2012-05-15,44,0,2012,5
86,-0.13303556593555946,-0.2610416608831223,-0.03664161185031157,-0.17986423236008275,0.1679786861134741,-0.33207774361859865,-2.113852336806215,-0.5783033727902432,-0.3736973245496441,1.0536283449452866,0.6760118692502429,0.059450999198617835,2012-06-15,45,1,2012,6
87,0.008158525901622957,-1.0602506642078215,-1.215189470336356,-0.892374884671611,0.10190081914918489,0.1379421555104802,0.6820791149257815,-0.41989117167230716,1.0513402424855656,-0.7275755605200256,0.8970017330483472,0.48757632117928285,2012-06-15,45,0,2012,6
88,-0.21480419319411653,-0.38727046398082327,-0.5291224300387617,-0.09429064370354658,0.14657648356743144,0.5050433564842691,0.3469988989010438,-0.5292115696096231,0.7944803805854119,-0.4973491932278035,0.3984919109333332,0.6603499253317104,2012-07-15,46,0,2012,7
89,-0.8281643284670538,0.14505516365252336,0.10910145631677973,0.00705483915620348,1.5673084128228052,-0.507217340459095,-1.5814020568710518,-0.5543574236166511,-0.4388432150377325,1.335003681491073,0.1326235652876875,-0.40981661184865464,2012-07-15,46,1,2012,7
90,2.122535650589574,0.3460581795184605,-0.5644245758892297,0.9028371143999742,0.0757231055860675,0.27842974887024724,-0.7964523063105085,-1.4970998873594077,0.030732813346102436,-1.715661047572528,0.21374783172371808,1.4934997240628334,2012-08-15,47,0,2012,8
91,0.0967178605161253,-0.28228271840263425,-0.2100108174804613,0.16283006403439249,-0.05935168672626537,-0.3428074215708977,-1.1424868989528796,-0.23074711022182165,-0.6529747234514591,1.806549459330082,-0.3820625718537666,-0.06689038664907318,2012-08-15,47,1,2012,8
92,0.6982298232538189,0.5546030418159041,-0.5485733708593837,1.0390425138202284,0.7198387111864462,-0.30437746923193404,-0.9465425490499655,-0.5812499207360139,-0.0864967858321495,-0.4268596041722941,0.6520582264379502,1.4202048756821042,2012-09-15,48,0,2012,9
93,0.8666669520251883,0.6430135771796226,-0.5817272404474214,1.7561578766835975,0.8419509365238513,-0.7808729408932304,-2.597718405942003,1.4509700648821755,-0.48887294879337634,0.33691520959736576,-0.07881105492046109,0.7877265709958216,2012-09-15,48,1,2012,9
94,-0.7609291537206125,0.9353724071651823,0.10771206511854119,1.997190579696762,-0.34036524597541395,0.19021607995891449,-1.3587603206770784,-0.2681314319198725,0.44208807809439093,0.43726836421489546,0.18637947687629783,-0.6878999240273953,2012-10-15,49,1,2012,10
95,-0.28333938583315926,0.5401429295637169,-1.1487265182592572,1.12098520604232,0.18711405161793684,-0.026017252753599035,-0.4919098951212241,-1.1323732167659664,0.10670643101980738,-0.6304330458497013,0.46021577221102233,-0.1638525290336458,2012-10-15,49,0,2012,10
96,1.292758043173497,-1.3886964843588123,-0.8561745987369855,-1.070326065022199,-0.061654074615770306,-0.4198035967232051,-0.11449993733523832,0.00408035918651128,-0.6900210410182402,-0.6257608393845637,-0.8823361148999237,0.0854512661157515,2012-11-15,50,1,2012,11
97,1.9677367085901287,-0.8971089390811506,-1.73430290415823,-1.1191679925042803,2.3932489215311903,1.238291472081773,0.5709459625731651,1.0504160108971636,0.8477136297716374,-1.8142897550214225,0.35445502435998305,0.8082497827120994,2012-11-15,50,0,2012,11
98,-0.1261954503540795,-0.5548787307157347,-0.8819859545718277,-0.8705929693172749,1.9625641750004754,-0.005856784187682359,2.1073826488560643,0.487470212657739,0.1970140897639216,-0.516014168933117,-0.558391736042003,-0.4263626345358195,2012-12-15,51,0,2012,12
99,-0.6206026156862124,0.7940698313105379,-0.10696929517979947,0.654576376603218,4.27953828967178,-0.7282466958551184,0.16510176105203467,0.9150564325693337,-0.7108215463455324,-0.30521085577332274,-0.5484503530584547,-0.2133083622952777,2012-12-15,51,1,2012,12
100,-0.7661953708845416,-0.5034732829146626,-0.8243989986840972,0.6616003448516331,-1.3079260731270508,-0.9593207631270827,-0.10572966017255778,0.4811223105741309,-1.3822276581807547,0.09028698832123691,-1.1862816575951123,-1.0281622102371806,2013-01-15,52,1,2013,1
101,-0.8756868905602534,-0.46763172008369097,-1.4353302069304512,-0.04098710649387708,-0.24591422758977027,-0.45294758799135515,2.4414563713929,-0.07083965850844236,-1.061454506289789,-0.9318933878903417,-0.5178813822388842,-0.6993991031902606,2013-01-15,52,0,2013,1
102,-0.9023343655883973,-0.4299467486888292,-1.4968215518679895,0.014757709268038094,-1.0787212406715814,0.24511205712011794,1.892997434545468,-1.0875673812474183,0.17673933552841462,0.7787616492476583,-0.30427017677152685,-1.0503912902280859,2013-02-15,53,0,2013,2
103,-1.801840021624413,0.2784077082831724,0.2766562167041031,0.6918132192385684,0.19166803108885866,-0.5179568541976015,-0.9116551847710734,-0.8973285455911802,-0.5048620478484632,1.9597632723156748,-0.5658319144016213,-1.7067701640629227,2013-02-15,53,1,2013,2
104,-0.7054983264052438,0.3597287914104887,-0.6422426544522181,0.4895556938648094,0.3717914064387737,0.6993486232576472,0.8014865357907004,-0.7014011093522203,0.9588602212474221,0.13017570664423428,0.08684467350607832,-0.1459293336890101,2013-03-15,54,0,2013,3
105,-0.7088046626375825,0.18810306070740665,-0.5852469552333285,0.7093206406521616,-0.7521261805136199,-0.38884014233009,-1.3479352135869345,-0.3420104013946925,-0.6600335047543344,1.1982126334196286,-0.7149403715408504,-0.7558537607828549,2013-03-15,54,1,2013,3
106,-0.31141507099172605,-0.006409188792931331,0.5536170389840608,0.21127840000797948,-0.7485809426529446,-0.19155382679329588,2.2039542092879696,0.056617430040467605,-0.1283114808944525,0.238892426364197,-0.7740094454669975,-0.17100324634511346,2013-04-15,55,0,2013,4
107,-1.12140806453469,-0.2059113339802678,1.955929030664271,-0.5608801772070567,0.40602968884301616,-0.5512548217506521,0.443603751205857,-0.5001985677374452,-1.053028151561216,1.22689104897955,-1.2377980428413633,-0.8466134754057841,2013-04-15,55,1,2013,4
108,-0.1842390898338911,-0.3641761873666953,0.49057035597526233,0.26101633260018037,-0.8944455335073804,-1.1703263900395862,-1.8294578057816202,2.9986736922287145,-1.5145369662909693,1.9190094684541532,-1.281490647693599,0.1969689519580692,2013-05-15,56,1,2013,5
109,-0.38804715430311193,-1.0998424959330748,-1.2994667069368904,-0.7809226630593371,-1.123753395350952,-0.7137011498431997,1.0080169355496005,1.8997937206267745,-0.9356526469923424,-0.7287319810948668,-0.8497553637845973,0.5241474030286041,2013-05-15,56,0,2013,5
110,-0.972577126128978,-0.9071866659866079,-0.856387788532073,-0.8655035773761798,-0.9051428259338045,-0.7278745458222853,-0.9975718741921057,-0.7689946598019993,-0.27957986646732425,1.6153718204392684,-1.193948373057244,-0.1276170199742972,2013-06-15,57,0,2013,6
111,0.7170731871621215,-1.3905676604341957,-0.6053100034204901,-0.8708708583161088,-1.8629762845705973,-0.871562504463842,-1.7770545601848489,1.251260696106967,-1.4433883673691565,2.471868164219314,-2.155724953790776,0.37329577297738675,2013-06-15,57,1,2013,6
112,-0.1050487436912428,-1.0402998391095977,-0.6384709377416874,-1.4716379705778475,0.6608552495907843,-1.0005970668101432,-1.9526417651728976,0.32436291487045593,-0.5068666196061293,1.104393398347312,-0.49585334300303163,0.13781960400820265,2013-07-15,58,1,2013,7
113,-0.4174732849489317,-1.2934293377239503,-0.8888514534587924,-1.366879494183342,-0.7893464440746218,-0.8844612720307751,0.7436133521414314,0.579440879791337,-0.9947087502181633,1.0148344109138083,-1.0397022536627432,-0.3058602329457445,2013-07-15,58,0,2013,7
114,-0.5252137897188224,-0.4163051680794115,0.14413203178582717,-0.12204286167814515,-1.8644677299924857,-0.0800622576939977,1.2767758618959433,0.4375221132618139,0.2883277986714409,0.3164101008792563,-0.5180950904685029,-0.47823609904544323,2013-08-15,59,0,2013,8
115,-0.5226189826589035,-0.251231958878445,-0.6913135819215881,1.408949458030371,-2.4750079193947108,-1.0699072470429642,-1.302495472648192,2.7919708495962867,-1.271864098222364,1.950467088851559,-1.1566021640513133,-0.3223988134128436,2013-08-15,59,1,2013,8
116,-1.0511762787932941,2.2651376774874654,0.5696483076553492,4.2046565337933925,-0.16090648485009357,-0.8651042376464125,-1.1066666396367928,1.5024356579972051,-1.7119078121986673,0.5353685512255186,-0.9329502931826417,-0.9229486396607068,2013-09-15,60,1,2013,9
117,-0.6975315406060725,1.3752119560215277,-0.25387281899198566,2.1737200125305978,0.27341275504731305,-1.062839538219387,1.3151141192374167,-1.0329271244005305,-0.49477511119391476,-0.3580649186326982,0.11787793326227204,-0.635276820827652,2013-09-15,60,0,2013,9
118,1.1933106057647336,-0.7999444107450883,0.17543759200924153,-1.3560199699750013,0.5048188268165531,-1.0274337023891515,-1.5716107575854346,0.7769100848360118,-1.2154061599163721,0.27732047891286216,0.18829300748422872,1.1353115474611837,2013-10-15,61,1,2013,10
119,-1.2135715300766554,0.05224355108417389,-0.29488603984988554,-0.24249963126160393,0.5746193226259677,-0.06929535013118673,0.013258547678885015,-0.5427168476546891,0.3671558480025294,-1.199840806196927,1.1241855833950263,-0.029571459450942344,2013-10-15,61,0,2013,10
120,2.826335039334073,-1.5291428665280957,-1.2030050514824824,-1.8167232620304286,-1.0596964206826078,-1.0875263443571905,-1.4039618819998274,2.7139343873417023,-1.3599613066432181,2.1162260874077705,-0.7191431229810233,3.415535459272515,2013-11-15,62,1,2013,11
121,1.842230950009287,-0.29760149158038773,-0.23961576472296137,-0.30554155013501555,-0.7876320964470921,-0.5402875526239583,0.2858743775804275,0.5713379077577831,-0.17907811124451017,-0.3995120158539455,0.7720647982603153,2.664659866967708,2013-11-15,62,0,2013,11
122,2.5164922899537103,-1.8876720699892557,-1.4634558822948573,-1.8322186510398621,-0.7885728478273468,-0.7126836018091252,0.24729190391729158,1.4510002696713091,-0.5227919232208524,0.5521696773092922,-0.9680538698960324,1.6253483311917367,2013-12-15,63,0,2013,12
123,3.5244033394930154,-1.4727273930383535,-0.3526926613932309,-1.7180549156060647,1.135615712993048,-1.1032550881658025,-1.4775699863417395,2.769010096256448,-1.2076162736261027,2.7020668777783796,-1.0455183169458646,2.1769559492119126,2013-12-15,63,1,2013,12
124,1.6015639367716967,-1.209681690528889,-0.7097266084443309,-1.08321608454017,-1.7525794490976478,-1.3002735927233748,-2.234289995418427,1.0777675870392351,-1.4030049826434503,2.9682230367810605,-1.364069843384255,0.08223355769831824,2014-01-15,64,1,2014,1
125,0.14730594809622047,-0.703964341889091,-1.3536444958842275,-0.9229766242753641,0.09002048627370561,-0.6202207589629765,1.0813806007598334,0.14975369582686737,-0.49560656100134326,0.3148206150144762,-1.01102326612096,-0.03202645418516737,2014-01-15,64,0,2014,1
126,-0.20449776424902832,-1.2544828209954844,-1.4670515213656417,-1.2188825379078063,-1.4466280166385943,-1.1080321206536026,0.8880304165647883,0.03988666924087947,-0.9006893180002621,0.4164768873682444,-1.2471717332078753,0.14145998508940788,2014-02-15,65,0,2014,2
127,0.5370918142825201,-1.864493230728377,-1.2045784191824465,-1.4653246295416877,-2.6053596589983106,-1.193133224589476,-2.028110267979949,1.3552568970623073,-1.2504865012928217,1.924127506187929,-1.9379655863092466,-0.11073220713610141,2014-02-15,65,1,2014,2
128,-0.3819140722745314,-0.8000393701746767,-1.1622527134557752,-0.18761627328432776,-0.408710293761871,-1.2986726421881611,-1.2713724885830842,0.9627367281414737,-1.565099470260914,2.6192156751288693,-1.5677786462856766,-0.08953728800382313,2014-03-15,66,1,2014,3
129,1.021817085697125,-1.6276506610828558,-2.0763645341296546,-1.0812221114009002,-1.1135516719952794,-1.0222140106304223,0.003491109873151742,0.02078975662576504,-0.7748782642685179,-0.08331709586300066,-0.504120459810698,0.3816751195321192,2014-03-15,66,0,2014,3
130,0.9061023511461325,-1.140557293440459,-1.1720056307762894,-1.2381106413459981,-0.7647115424834372,-1.0746177030482755,0.8600849571997344,0.9907304311662147,-0.460879071022841,0.6951928524756953,-0.41649142487606605,0.22941771289230387,2014-04-15,67,0,2014,4
131,0.8201990784607437,-0.9670972061467855,-0.41446938307366304,-1.4285336030579003,0.6514067333148784,-1.0536084780853796,-2.1651193708142604,1.205767912352041,-1.4823733954541356,1.7792612655846638,-1.2779871820852058,-0.16206071804094507,2014-04-15,67,1,2014,4
132,0.7036144799458344,-0.26145639068501253,-0.5432619984232536,-0.7246619980907499,0.749060574775993,-0.9268637407681246,-0.7918352212022659,1.923279154059642,-0.9742574441398746,-0.1441287117537443,-0.5653201575169617,0.7927657588489091,2014-05-15,68,0,2014,5
133,0.20212365320252323,-0.8045351699057719,-0.8582342362618838,-1.0745838509363586,1.0216044165499711,-0.7838250122602899,-3.5628035500140935,2.013155909323286,-1.2162840343018462,1.6376334875081613,-1.2265081427346765,0.13573127199610555,2014-05-15,68,1,2014,5
134,0.3779737310044486,-0.5340437432902833,0.20414741592691915,-0.3892641022577177,0.08984894767198551,-0.8314458955808324,-2.888202929293592,2.549907418269471,-1.1776047570595445,0.8507638036840284,-1.068524553703894,-0.3201531298169093,2014-06-15,69,1,2014,6
135,0.030155581795932158,-0.20419160498247335,-0.1635582379463688,-0.42417311073464764,0.2545071505233687,-0.7300145003676239,-0.8308036775593958,0.838111706903687,-0.4345643691858724,0.03490716993380948,-0.37829009569276145,-0.41602742879404503,2014-06-15,69,0,2014,6
136,-1.656398454856697,-0.11408136374914558,0.2439000303374268,-0.2531241148782346,0.4684955384513568,-0.6369105047781463,-2.7865417589882053,-0.03816049216726048,-0.6041629214452456,1.5498368857261917,-0.7453488425133805,-0.8635292895976571,2014-07-15,70,1,2014,7
137,-0.8919889491480726,-1.1978380738876675,-1.1360883974553517,-1.2005966048159964,-0.8077920120963177,-0.5949961612678927,0.5016849074529935,-0.5288448444675646,-0.9424320050486392,-0.5253048624074557,-0.8559833984630828,-0.23468377189965625,2014-07-15,70,0,2014,7
138,0.8492394810531282,-0.678826111084624,-0.9601549195121614,0.2820395211326505,-0.9194600438490377,-0.6464571726291721,-0.5380445771804955,0.5859362506016458,-0.8579531758664856,-0.34266077007232715,-0.7711184118411273,0.3223653494887005,2014-08-15,71,0,2014,8
139,-0.3579681468194011,0.14565819869276986,0.6061987883798482,0.39629122279859424,0.856019039521169,-1.0316781565619737,-2.8029617901017336,-0.04043343226614409,-1.156874830537146,0.666193164505249,-1.1077024136468958,0.11226429208945266,2014-08-15,71,1,2014,8
140,1.1647724637126227,0.6449541830527339,0.12539580606129125,1.6206766949765745,0.08601804480876699,-0.669480460238053,-0.23589274425434373,1.8908028961516687,-0.4897712023704374,-0.5634532427198532,-0.40306353692917246,0.4747244493046285,2014-09-15,72,0,2014,9
141,-0.17759492471140365,3.352610192199822,3.677284481624157,4.670418443905182,-0.18583767841456245,-0.8107560136043824,-3.8623698222921172,1.2529625001128846,-0.9170302290057862,1.0639266339807656,-0.355647386990189,-0.9236478891133296,2014-09-15,72,1,2014,9
142,0.15807032021015144,-0.9326975257457498,0.15520846576944383,-0.7476591845671007,-1.670749641903529,-1.05626498288463,-1.1237863252331246,1.5792174435023505,-0.6927095550604636,-0.8447713246949433,-0.21000117041138347,0.6144716012344823,2014-10-15,73,0,2014,10
143,0.4282999972472545,-0.3697194057443195,1.423436639295226,-0.3185885983785201,-1.0547456599838596,-0.8930512931733835,-2.9547993447316228,1.3542223211415838,-0.9176464941439573,2.049242450810385,-0.6582218601802751,0.08334373684662533,2014-10-15,73,1,2014,10
144,2.2899234638565646,-1.6487627365699447,-1.153446156982721,-1.0897259640170325,-0.7617716917606075,-0.6796101781632558,-2.436716664258289,3.263596285493536,-1.1642671380586973,0.10100482762175339,-0.4325594309315181,1.1273602131942309,2014-11-15,74,1,2014,11
145,1.7095316001854393,-1.7837483558508402,-1.7629159861892978,-0.9519263883831985,-0.6093341057731074,-0.30901762245740666,-0.005423686005564048,0.6808963781770788,0.18358435111274252,-1.65721917620734,-1.0383373912217504,0.9553738599835344,2014-11-15,74,0,2014,11
146,2.04457201333717,-0.191891417206468,-0.4308921883142208,0.3861994040829184,-1.425555514553214,0.021056535481006746,1.3669799749610767,1.8445900962723287,0.17787446569890455,-1.099228082766188,-0.11852205755235766,0.4870974875275359,2014-12-15,75,0,2014,12
147,-0.0905789790158889,1.6183814179284186,0.7008680606436275,1.5372092709065324,1.9281551935379768,-1.2884227382893003,-2.1062741469499175,1.5051686355438367,-1.2064982371119057,1.4929072273931654,-1.0218628564317582,0.9001428980887968,2014-12-15,75,1,2014,12
148,2.7882435452621865,-1.1032919600517357,0.4867966304115645,-0.8156495699350563,-1.2782661242068654,-1.1229306032202688,-2.8263876966336112,0.5590801795090828,-0.9478629905148025,3.3043911926300717,-1.8942440983767905,1.0220238144862783,2015-01-15,76,1,2015,1
149,1.2607506043788048,-1.6858180110316179,-1.0707829684014398,-1.3156450079192483,-1.7372527573924301,-0.9750546969715839,-0.017866842544444747,1.7130306247385183,-1.1754099380261098,-0.3361751046444951,-1.2717987863671458,-0.012304596908423114,2015-01-15,76,0,2015,1
150,-1.738001754503814,-0.05833624534365527,-0.27852168662185595,0.5734994028475521,-2.329665215546065,-0.9546379086293894,1.1610942167980944,-1.2679853619317973,-0.6960333988311803,-0.24455546292176888,-0.7624893952648459,-0.8405416318067305,2015-02-15,77,0,2015,2
151,0.18273662463473414,1.018500168389137,1.8897355240988687,1.4955186432487642,-0.48274001884337875,-0.687179762431284,-1.8426423899696502,0.8793614522304128,-0.9674808375470657,1.946754027943323,-1.2284819590452523,-0.8965095767750245,2015-02-15,77,1,2015,2
152,-0.788379249353133,-1.566022900309993,-0.8696524960075459,-0.8549300129040569,-3.3509738464472876,-0.8997843041571197,1.1081007385222355,1.1660647654818892,-0.32997242234995167,0.48536907153314496,-1.398257864915952,-0.2574728573108389,2015-03-15,78,0,2015,3
153,-0.7372465999676907,-0.6233990626948779,-0.25337881108817917,-0.2420790386373245,-1.1802142961211668,-0.6535020607547101,-1.1211076961997926,1.4907703103368692,-0.20785800543673538,2.3275735391394945,-1.6184918953068792,-0.6059847812669631,2015-03-15,78,1,2015,3
154,1.2180791520337848,-0.3069456513932737,0.2075151995689861,-0.042297289543877896,-0.6562464529160908,-0.8476977971513107,-1.5534585332601338,1.5023823988698308,-0.8250284568664344,2.4827895475213735,-1.2615415203302178,0.08081449919452015,2015-04-15,79,1,2015,4
155,0.08894569439768694,-1.3378826717291823,-1.0629430808180607,-0.914401827706381,-2.5311090302701347,-0.8121835439547613,2.010472499506691,-0.78033384215685,-0.4068705888736108,-0.6226315701595955,-0.8177341988868743,0.24892526680479382,2015-04-15,79,0,2015,4
156,-0.12586734737605207,0.016333751985910423,0.24567972833548607,-0.3322159240356547,-0.344475748083754,-1.104135236401706,-1.55112541558188,1.61641928323143,0.39455334258525315,1.0648450964066642,-0.6293911882191983,-0.46404928329966183,2015-05-15,80,1,2015,5
157,-0.48681111839106556,0.15944348151856477,0.0035913603516732747,0.38110588530059986,-2.018005299348932,-0.7765357150267024,1.106076035718852,1.157488822223715,-0.5918777183224844,0.5588862251851239,-0.1218424392528612,0.05986700673429542,2015-05-15,80,0,2015,5
158,-0.2036351419320425,0.6077286662359519,0.14776714344858433,0.596376710333249,1.8978988607822223,-1.2032052249863388,-1.7767263169504532,2.961589824851358,-0.6545892224179694,1.1000253442350694,0.07322780647371079,2.1041176932192225,2015-06-15,81,1,2015,6
159,-0.22370280271982837,0.44959330900587746,-1.3440355542129339,0.5270322835116793,2.606439756068103,-0.1131558498247056,-0.21219715309597437,1.6554760864937224,0.32270373039128747,-1.7517978125865994,1.214943176506944,2.63762634009219,2015-06-15,81,0,2015,6
160,0.21301952237266886,0.4410938107620909,0.7104876174340349,1.3425234264782735,-1.7176560783105586,-1.3865765882495469,-0.6802667122242831,1.1791179503730744,-1.316536219587013,3.0670273166819637,-1.3512616498990646,-0.07859129781328393,2015-07-15,82,1,2015,7
161,-0.004055646260868424,2.5766829790905175,1.174719114450335,2.466461215262874,1.36835939825216,-0.11030114897810163,0.39787485906304637,0.6178143945061747,1.9656150615296648,-0.7127377988349054,1.408102891976566,0.09994692008733057,2015-07-15,82,0,2015,7
162,1.6995418006097986,0.059325703065283536,0.4464493620708143,0.3705716221855824,-0.3321924330150166,-1.0017953876091026,-0.9759526861902835,1.1488320603197337,-1.2294950921102554,1.9190965803765296,-1.1869329786144658,0.4081682428969233,2015-08-15,83,1,2015,8
163,1.2335959289037586,0.02381939103996865,-0.6327219763176727,0.6461946151274394,-1.750206578677056,0.3527103706008977,1.1683274427623496,0.7047518709830408,1.1360221808221447,-1.8200642312142583,0.6444307591388696,1.3957783419858223,2015-08-15,83,0,2015,8
164,2.581741529063516,-0.19490774175419667,-0.2486566373607467,0.41424291866583407,-2.8193675921272283,-0.11800449689980341,0.48279628155112075,1.546491469185817,0.38139866165012953,-2.0769254868813207,-0.08705025453702751,2.0281888446515417,2015-09-15,84,0,2015,9
165,2.0735459335300326,-0.2794854718566345,1.4673805270550657,-0.08458147166440175,-1.2363091287288437,-1.0597470244690324,-1.203080094186496,2.2227234368563824,-1.1434602414307147,2.0033999875763224,-1.1691116369432106,0.7247921913655093,2015-09-15,84,1,2015,9
166,0.25226543239782545,0.734563632959566,0.12533496190048488,0.32747565157953107,0.21621967849488422,-0.14513715533403695,1.202025466816393,2.6204198803098446,0.8476223696764934,-1.8332628856986246,0.5829026202921455,0.4543265804367416,2015-10-15,85,0,2015,10
167,0.027905941949312688,0.25251711716554653,0.09036822515651943,0.3078781009217288,0.1742579066664528,-0.5590094964499915,-2.166817384380734,1.7270195636745977,-0.4142692652387593,1.2353593194847718,-0.5053513956371227,-0.3235284743391671,2015-10-15,85,1,2015,10
168,0.8412644208298041,2.5329450745395508,2.5870228912777757,2.6190319988541275,0.11878280047373305,0.30895806070142523,0.31707970763453164,2.214826192403086,0.9517315885488956,-2.2706547724580006,1.197899663133414,0.07021809818705926,2015-11-15,86,0,2015,11
169,-0.07148658362958435,2.9939593080400484,6.053453912894464,2.7746054952383554,0.007108320106322269,-0.720027136009664,-3.656555769564529,1.0769220961223376,-1.5838277108102823,0.6158938893213899,-0.8455293204957267,-0.8846994203306237,2015-11-15,86,1,2015,11
170,0.06169041898969655,3.4903856388010275,6.964416942188447,3.1486960374069373,0.779675783296182,-1.0356295074928912,-2.460683163001976,1.8600776840126894,-1.0937769951371668,1.244784332372131,-0.6012848191320536,-0.2276874426607361,2015-12-15,87,1,2015,12
171,0.8177792300378813,4.673886825082251,5.876246324033006,4.175079621027638,-0.22387395564376653,0.33480042243564334,0.6620508048599486,3.3206120290710124,1.1626753171552433,-1.6903421626737418,1.94613200065059,0.5725057949183868,2015-12-15,87,0,2015,12
172,-1.0632957457718182,-0.7847571761170794,0.8516338463774622,-0.49325258518290704,-1.5107084160425917,-0.662465290310929,-1.2348134825479118,0.5059150950400578,-1.161297672245154,0.6106068386464125,-0.9717891210593828,-0.5103364245970703,2016-02-15,89,1,2016,2
173,0.45567129136691187,2.02176713043753,0.6934840670908974,2.6100263687003578,-0.8890111170301146,0.32917351044666565,1.6841181288601592,0.3352110139927533,2.3475413295630476,-3.134883975220208,2.148511915062631,1.2047488234909,2016-02-15,89,0,2016,2
174,1.1903205036201452,0.14843573670862012,1.041255103271522,0.101890206445878,-0.1865505668200316,0.048007659849971115,-0.10452840390970705,0.868532302357702,0.18079022482063975,-2.560369593967314,1.174124143437334,-0.0889927986414988,2016-04-15,91,0,2016,4
175,0.9022155900499912,-0.634994207761269,-0.12214810003390342,0.34533935099379565,-1.5101038090839776,-1.2576159685896275,-1.256756067680065,1.151622176981146,-1.355303583294213,-0.04943682413036881,-0.8812658549031228,0.3600637523278382,2016-04-15,91,1,2016,4
176,1.8843030721232765,-0.5106913724384896,-0.6538446622852265,-0.19056430073840658,-2.2209736985223154,0.2365490253554463,0.4437539667885849,1.180489776613002,1.8663275457383668,-2.7338954771343382,1.0585007267092255,0.4219994848135164,2016-05-15,92,0,2016,5
177,-0.18626477794283455,0.2563426245920385,0.7365696029546099,0.49550896588439397,-0.14697343362885062,-0.7140092684508456,-1.8399288183707596,1.3868876486076676,-0.8681320689303061,0.5947834488859975,-0.033772712705786856,-0.1745497860566669,2016-05-15,92,1,2016,5
178,1.4582249765140691,3.2495911722243735,3.482196617981258,2.955522769665912,4.882829955986407,-0.3962051399564287,-2.942757550203803,5.729620669050633,-0.8068170018799076,-2.3194093849740187,0.7923978787391264,2.529124668262179,2016-07-15,94,1,2016,7
179,1.9935396702236963,2.4281251055947757,3.119113767576459,2.092168184044262,1.3655737941342034,-0.13248466902008021,-0.3994913253965445,3.7723667999702686,1.2877281067428537,-3.715603154149922,1.6415582903574737,2.5116532257094533,2016-07-15,94,0,2016,7
180,0.7763517515489998,-0.20961396073224675,0.16746138095778423,0.29911589753098333,-0.40763466444360985,-1.0092502410922197,-1.6443524344736045,1.4488599988952133,-0.8377170282326356,0.1021371264665204,-0.9750548662201537,0.1180439788893493,2016-08-15,95,1,2016,8
181,0.8598052398863644,1.128858205903889,0.9983394944947699,0.9495251885263476,2.0239741103614204,0.9095385177559384,-0.38282601004922,3.012096749068383,1.5857767081564422,-2.870851978984232,1.250994765684335,0.8816382850094026,2016-08-15,95,0,2016,8
182,0.04202437813652487,1.3555615166503594,2.3584903563069983,1.2346512040223356,0.5029635396246155,-0.5828227156059781,-0.8510736588075467,1.4063867607402496,-0.7548900993169453,-0.5170699848563572,-0.42299727379916435,-0.24322117359594214,2016-09-15,96,1,2016,9
183,0.8756662901729755,1.7893321696863582,1.0951712461274177,1.215301340502692,0.40648342995388215,0.17917594410845736,-0.5824850583162559,3.101596935346983,1.5585869036152478,-3.0015111816863618,1.5945867506375415,1.659710581145944,2016-09-15,96,0,2016,9
184,1.0433114314181076,0.549879607939441,1.0363235744653063,0.8775175035793501,0.4438287108139231,-0.48451790629087954,-1.6658066187792675,2.9464520383781228,-0.7160375999740445,0.8864512416477038,-0.9553936625283458,0.39452268277511354,2016-12-15,99,1,2016,12
185,3.384928106419536,-0.6073124880218917,-0.5235827007543987,0.0690161034205322,-1.2208543710208108,-0.09488843680757865,-0.20407963241204533,2.5683018806193005,0.7827814115900343,-1.1812650954609238,-0.020241937827791892,1.9463995031499892,2016-12-15,99,0,2016,12
186,0.10430692269842652,2.0519929248730167,0.5857227960157186,1.70533266865509,-2.2397911880877315,0.0016187821423959668,0.09610564809434097,4.078885381913905,2.1810497437563,-3.362437635164686,1.0423563940260974,0.6194616614663643,2017-02-15,101,0,2017,2
187,-2.725313383410332,1.0085762497405129,3.0993173844322626,1.0152476436783004,-1.6149631922460475,-1.1600159738963258,-1.3824704309683722,2.3464376094355806,-1.078066642079276,-0.8816883993343176,0.13646900452223387,-0.8801863448176032,2017-02-15,101,1,2017,2
188,-1.823799485380071,0.7443993739669843,0.7838128348702189,0.04166875240457625,2.0261889197040217,-0.9217491047095209,-0.8818882789370245,2.402694045813544,-0.28094149355268255,0.3658284829701794,1.665939424045978,0.5788552080414401,2017-03-15,102,1,2017,3
189,-1.1513625539321912,-0.8987125061894965,-0.9605366414895462,-1.007127705629905,0.06634133563808303,-0.9959579487138635,1.6099704651556606,2.795532418439599,0.31861252600225354,-1.3038322475193014,0.9857195709739109,1.7075120086786197,2017-03-15,102,0,2017,3
190,-0.10365042362917638,0.9042416016137177,-0.09990900912111016,1.939900609468876,-1.4422189706880257,-0.2676600873626175,-0.42394719321621677,1.6367933484880244,0.05660281525600311,-0.8373428952223607,0.010898588069998022,0.6961200367740825,2017-04-15,103,0,2017,4
191,-0.6049807156699706,-0.21851846032205013,-0.12612828109479324,0.7366361163247057,-1.3212370059426328,-0.8950391958400497,-1.1417992010842315,0.6603033923150652,-0.9662719983501025,1.1696325370467853,-0.058447623625113215,-0.1595277075283572,2017-04-15,103,1,2017,4
192,-0.23778026677596867,0.8168738679248172,1.6877729665613261,-0.017049949000542568,1.2189321390105576,-0.8320308983306544,-1.50437115570537,2.083597138728473,-0.42677995251697376,-0.19432671151692926,1.6249723135589016,1.6217553629800279,2017-05-15,104,1,2017,5
193,1.4358617342707827,0.09978428413124107,1.0149435879164874,-0.080337681858303,-0.20573768188057434,-0.3726085721242825,-0.4501647379778045,5.713710645762399,0.08989528264720884,-2.2054486461773144,0.47345207643065623,2.592894111520152,2017-05-15,104,0,2017,5
194,0.8377615008338583,-0.20193591634044047,0.8853557366664089,-0.11982915058287749,-0.832248941210078,-0.901430396324901,0.09689967070435146,2.463330441150663,-0.5859516697671334,-1.2517970408286527,0.3168491114378209,2.0816842868094274,2017-06-15,105,0,2017,6
195,-0.8884758427862814,0.29095214327811997,0.4900931820358179,0.13132059717972755,1.0653410347954424,-0.7308016197793361,-2.687836938583796,1.6622292408284207,-0.41956924450756045,0.6952639982900817,1.2106223695038374,1.0805709877648746,2017-06-15,105,1,2017,6
196,0.5825418332059903,0.03083268561108746,-0.8508640395230413,-0.13411604836780364,1.2680262349995888,0.26194999665443924,-0.4189053533681695,1.540088400475945,0.10988478104847435,-1.2551321044453525,1.366292277564465,2.8492280762351254,2017-07-15,106,0,2017,7
197,-0.10109038747073293,-0.7101211979373615,0.6573079411781388,-0.602312613886291,0.4533759285185512,-0.8597420698279168,-2.440120348643678,0.6276599755954685,-1.1109867471788308,0.9227442354964748,1.1610548893588268,1.8037619640269928,2017-07-15,106,1,2017,7
198,1.1003747144599265,2.5823528042170656,1.0322728875082439,3.491893038190349,0.529736407912087,-0.5966453418641833,-1.5797037453113127,3.4089140351016414,0.18480740408483884,-2.322864637722996,1.2657457711007385,0.4655958261534257,2017-08-15,107,0,2017,8
199,0.5375087976596137,0.6106440986698283,0.6828287525897353,1.689599073747888,0.009767006996715448,-0.8520470960278395,-2.402085110788521,2.3080702954291583,-1.17809625220349,-1.0550761629055299,0.5614591245400166,0.5768006163520465,2017-08-15,107,1,2017,8
200,0.676662209957869,0.5842601015187834,-0.18176996424263292,0.6797205920479329,0.8866392898498049,-0.015187048012479777,-1.3127397080576089,2.6032065149954393,0.5926586061316707,-1.037300121673051,-0.27749679371632735,1.4432920074654048,2017-09-15,108,0,2017,9
201,0.3556501000480457,0.2702394711403025,0.12287901157175167,0.3935633435725817,1.8020573457783369,-0.5699174708946682,-2.0809754236636295,1.3717398735925626,-1.0121172348549723,0.23156337109667147,0.41136998553686466,1.3550973120010552,2017-09-15,108,1,2017,9
202,-0.3041542993769875,1.18417634123672,1.1843694184624287,1.115570002238139,3.296304326107626,-0.7734875864960999,-2.204187367803267,0.7840720448679784,-0.8570459271358734,0.18867279022012262,0.4243297309530941,0.4963183723241235,2017-10-15,109,1,2017,10
203,0.3954833738049364,1.4080633269734837,0.5140933884648082,1.4653391928671835,2.604787841609759,-0.4871620811418071,-0.8328208371704586,3.2254490041623747,-0.18146057954841632,-1.3220236880134684,0.3158477194405744,0.6599360411743813,2017-10-15,109,0,2017,10
204,-0.053785430167175304,0.9840714340601214,0.41382077155051455,1.146807623980738,1.2870189447822518,-0.7433035883633672,-2.709236532274379,2.0437050234025858,-0.19529889118152866,0.27229713291976193,-0.03845160161455689,0.22089922962583705,2017-11-15,110,1,2017,11
205,1.2710250186513699,0.957477840500784,-0.1392708804321814,1.7447246941596934,-0.08915395765070784,-0.4489292208402132,-0.5287624393040355,3.5618212433092706,-0.10130912514618731,-0.6183829680179904,-0.3581550311506443,0.3743768543264394,2017-11-15,110,0,2017,11
206,1.8788695644172764,-0.340727969979975,-0.7315567940945312,0.2716313561843277,0.03184405362472142,-0.4032317533387494,-0.7101317329602126,2.653674894469582,0.14561240674790188,-1.192834242376605,-0.8268984214948117,1.468617811458793,2017-12-15,111,0,2017,12
207,-0.934822617623697,0.44757206009098083,0.39546946332886346,0.11026022942041296,2.804682105184317,-0.7820175301827691,-3.0319897729407432,1.9441894543589369,-0.20349939125580632,1.3764517782722756,-0.5804870827147904,0.06846596013752917,2017-12-15,111,1,2017,12
208,0.6042854648329745,-0.2046341800800324,-0.4181187034099437,0.22614769017611722,-1.6024721747999455,0.27925504077717145,-0.3214679239577222,3.800565085826823,0.14317370374193325,-2.0271809105679783,-0.9973764690720031,0.9600095980643526,2018-01-15,112,0,2018,1
209,-2.1543542287827604,0.4085858545778721,0.555843267902856,0.5336693133792134,1.1083641625679106,-0.5595958061869648,-3.027071132602775,0.6732038952967443,-1.2801400370679725,-0.21198699211347108,-0.5314070429556359,-0.28450594221366315,2018-01-15,112,1,2018,1
210,0.24078615394937625,0.48814388158267463,-0.5028305447546421,1.0451625392295187,-0.008850057128758644,-0.5556711807063967,0.10469798880142918,3.564423400494686,0.38520548830612494,-1.81885536031836,-0.418664275388222,0.46287024904050855,2018-02-15,113,0,2018,2
211,-2.0301183711516293,0.3612901919493406,-0.09419986084725587,1.2271379759740364,0.5174291744545747,-0.7274368598008463,-1.8025219941487571,1.5143304787487122,-1.002425651124204,-0.6933794279539164,-0.4813939671505256,-0.16375547207820165,2018-02-15,113,1,2018,2
212,-1.6429918700594022,0.12856928490189853,0.4104312793545526,1.0255411549303766,-0.19516699934656326,-0.37564808774820985,-2.553068414485916,0.2494906968786508,-0.954021340649288,-0.15359330468304203,-0.2277839405901505,-0.38829690068328426,2018-03-15,114,1,2018,3
213,0.5284920857481006,0.43291123710451096,-0.6627422942183462,0.9865849430902418,-1.2950080951907614,-0.3434706424449881,0.4677633713540894,2.0647764826150716,-0.16435423037570543,-0.7387192239700373,-0.016385035286425424,0.03282387341215296,2018-03-15,114,0,2018,3
214,-1.5830032459617094,-0.32120071359384605,-0.8052466853547728,0.03139893570277538,0.13159624333012915,-0.9736854871988458,-1.6993929173870712,2.5760587785417224,-0.6313095849868378,0.013606968672869382,-0.8277517834558877,-0.1672912570358894,2018-04-15,115,1,2018,4
215,0.8322499657362276,0.3108781571094494,-0.4820151695026475,1.205849893051174,-3.1049080680061913,-0.03608816911403235,0.2504131454306448,2.2378669788993997,0.2499400408630533,-1.378354558667775,-0.11316457062245597,0.9061353082224346,2018-04-15,115,0,2018,4
216,1.0755509796381189,-0.1616736534874598,-0.1740417323389354,0.36228381284637645,-2.1643403109318573,-0.47532890623797447,-0.6782219718720031,3.5975487599100457,0.2288062187652104,-1.1100225833033335,-0.8254744459253536,1.010675282202477,2018-05-15,116,0,2018,5
217,-0.5686111413161781,-0.5619540321118396,-0.18987343268063098,0.29836305688025494,-0.3918930770393736,-0.7661299508757765,-2.5316238664104267,1.6501829554304017,-1.062272343217516,0.2677920983846287,-0.514841443511072,-0.1320051271995721,2018-05-15,116,1,2018,5
218,-1.7267824749589737,0.5640084447294295,0.10451861826359939,0.5841297097452661,1.3695470917473749,-0.7792931363432538,-4.321199970421308,1.1472130387260633,-0.796632369933424,-0.8905647961981511,0.2152115193944728,0.4045123411645876,2018-06-15,117,1,2018,6
219,0.46213209096854635,0.5430054398845768,-0.9941570104353961,0.6925295354376088,-1.7228606922004677,-0.3262944089850128,-1.4535791058308345,1.2960321856014652,0.18865088726961474,-1.9168822543224873,0.2857037018773933,2.232298092198143,2018-06-15,117,0,2018,6
220,1.8055862709972512,1.3646179028411178,0.03088061723104195,1.8151892787426944,-1.6863026850519622,0.35316707599136227,-1.6323410471016702,4.6594994408648045,1.3523874935819038,-2.5839074518825287,-0.3378245083969129,1.4693303529093114,2018-07-15,118,0,2018,7
221,-1.4172524222225018,0.8511984537308539,0.9741239782860975,1.4938660483855173,0.35261000289169453,-0.5989984974306121,-3.694560574155889,2.0030760724272887,-1.0933901757742879,-0.9381148163879534,-0.14167201065098703,-0.1387847934593368,2018-07-15,118,1,2018,7
222,0.8590022866955518,1.6187050649440087,-0.2760211379255828,2.104505439982133,0.19243122368233628,-0.21165083622411807,-2.1908785992239848,3.851256420346631,0.7497960732033242,-1.9163437387377638,0.1689208584572558,1.4956761762738315,2018-08-15,119,0,2018,8
223,-0.5663599925788017,0.26719578550709006,-0.9534207530065357,1.5218139798634618,0.4681744343526173,-0.0436607214110423,-4.380945214995335,3.487523192397381,-0.6696836672089241,-1.1868222599853062,-0.2857226986614572,0.5866873103795247,2018-08-15,119,1,2018,8
224,-1.8798185070075808,0.31663709786514377,0.8585685014712648,1.5771035274472778,-1.259779365204812,-0.4255158666663241,-1.787513087794615,4.019917514752111,-0.755090329902889,-2.019221601100702,-0.467390597780664,-0.5258286448008092,2018-09-15,120,1,2018,9
225,-0.5297837615752045,1.9802879959307358,0.7114457975772317,2.7929717252316015,-0.7571326233723041,0.19429229254753758,0.421030805001156,8.16806066363693,1.7776345527056716,-2.263344838949184,0.5662393075929083,0.5387989377707161,2018-09-15,120,0,2018,9
226,-1.4129078561205615,0.9100321250974821,1.5628704766813855,1.9430077789852809,-0.18377021584292738,-0.7860963126796882,-2.7238259914129634,2.4817621626087734,-0.5757914217685896,-1.3590728407311499,1.0114759050794033,0.2758399085689043,2018-10-15,121,1,2018,10
227,-1.1631016777711285,2.544738149061739,0.4359705901322705,4.00721698580743,-1.0145277029903221,-0.1675780412504846,-1.9133253091193725,4.6353455076544305,1.4799844258741106,-2.826674460829481,2.0830079291859978,0.38899908472838923,2018-10-15,121,0,2018,10
228,-0.32618858313602833,-1.1280559082130186,-0.7275731493252562,0.3617190684498743,-1.5492886415902423,-0.3649265157110754,-2.9277756990615904,4.111800706350734,-1.0091888732412868,-1.5728609749757452,0.27300727420205756,0.3092042124627612,2018-11-15,122,1,2018,11
229,1.6040093000742655,0.4976281046636074,-0.9644831794218702,1.5097528302068517,-0.9961905222383087,-0.1436954320418843,-0.8992096610837852,4.639509102188518,1.6086529729962245,-2.922428646497244,0.8612350701244976,1.4241889526897376,2018-11-15,122,0,2018,11
230,2.6523678647162554,0.041519350228896065,-0.4108237446243716,0.4894224405589077,0.4264540720702789,-0.1702341042644127,-0.722010336034006,2.2701957575366722,-0.42990630085426906,-2.046568031183232,-0.6410617557471835,1.7907360533920829,2018-12-15,123,0,2018,12
231,-1.1607439796570054,-0.021297766298668367,0.7626003816030736,0.27638681630524836,-0.4683814617029595,-0.5321274402819657,-3.5752168501074384,1.393134086935045,-1.1112504536457495,-0.7726797214853329,-0.9878647681783475,0.48529946128320595,2018-12-15,123,1,2018,12
232,-2.808921646465058,-0.348565241842989,-0.1794319842150742,0.2452168228626267,-0.8010794214692809,0.18250713980016536,-3.8720325831785987,2.940594223829618,-1.486910090278818,-2.0011073942018287,-0.39936441209700346,-0.4268262110068762,2019-01-15,124,1,2019,1
233,-0.09306610148653556,-0.295939198415797,-1.1986029225180157,0.717966793009886,-1.7106198950070646,-0.27182656156917423,-0.5828133866766804,2.4935250992295153,0.20149360181811574,-1.982136189079922,-0.5739307356634445,-0.5728194330579089,2019-01-15,124,0,2019,1
234,-0.08391999854257279,0.48868315372221316,0.3853031684845158,1.0861071475117883,-1.4780633598716297,0.026663196637483077,-0.2968337147418375,1.0998942401703975,0.6377685732557415,-0.29294014207214214,-0.43579275779713655,-0.3289627981560047,2019-02-15,125,0,2019,2
235,-3.4130486455486726,1.2300172507123823,0.4979238875333184,1.580366056396844,1.4252677338082,-0.3745245872141253,-3.558619890475286,2.2689801688722335,-0.8842730134135106,-1.00311723979226,-0.04212764866058786,-0.78596991826258,2019-02-15,125,1,2019,2
236,-0.5277233904858475,0.8907737533564424,1.6028375129475072,0.9227991093139756,-0.8512119475147115,-0.5428970647050791,-1.4108060927570252,4.560735953887568,0.3799925800126532,-0.6149802485403013,0.7795348622040952,0.3273970443439526,2019-03-15,126,0,2019,3
237,-3.444596293823115,0.9696808106126578,1.1415132636392533,1.8093159290015095,0.7935218709712438,-0.6717525293736564,-3.3414898690474732,3.466515769360031,-1.2083057956580483,-1.3028132325034225,0.21767007381214615,-0.8986797952463034,2019-03-15,126,1,2019,3
238,-3.4955849535854586,0.8696365638436627,1.7438874749283166,1.259464080165458,-0.5517092934778819,-0.7276154109806904,-2.7341855212799735,3.668202443949088,-1.0410893722069778,-0.7896219757864265,-0.20681914216979638,-0.7418929340685091,2019-04-15,127,1,2019,4
239,-1.107105983023855,0.22209963768516594,1.3867855534173625,0.3157303345181868,-2.19175301275167,-0.15828451131993265,-0.8749847818605732,3.501821237764796,0.40102066905637285,-1.408690170400631,0.29092836943959355,0.5263660288432347,2019-04-15,127,0,2019,4
240,-3.6665966257777187,0.8634512611025763,0.4228496180331569,1.9360937968184746,0.22127354099395383,-0.5536308397076696,-3.215991032590979,2.7571345030222383,-1.2844098727879874,-1.5364116278902993,0.19905196809537862,-0.7309635083526135,2019-05-15,128,1,2019,5
241,-0.14981423889213888,0.6215221675913944,-0.0819911544409785,1.4540147149020768,-1.0858327146197735,-0.4689644022086492,-0.4211562533379183,2.9839522169075217,0.21739242832010408,-1.4826556233124066,-0.3870201841941834,0.3536011114078534,2019-05-15,128,0,2019,5
242,-3.556965437951986,1.4882309207906932,0.9324228451870421,2.2937093427264585,0.20644676100391235,-0.41974863124993206,-4.937064205334615,3.502343047478373,-1.1664613406558078,-0.6618545038069776,0.16380533962874025,-0.009960494221369902,2019-06-15,129,1,2019,6
243,0.5937137829739264,0.6893335987029287,0.09317748640532938,1.1450987653354332,-2.5098358988185065,-0.43755363899258853,-0.8043584491770486,1.6651644811693163,1.387125556507974,-1.4040875771938264,-0.33919003417714544,1.7005673361440112,2019-06-15,129,0,2019,6
244,-4.358276911950489,2.2350443949521956,2.111264057926584,2.917351304983315,0.17650088938826627,0.14572408305647644,-4.966636802631367,3.6459641312342423,-0.027669462284808318,-1.5088826757760199,1.262118555221873,0.03723964242137621,2019-07-15,130,1,2019,7
245,-0.5982852196946841,2.5260596417628904,1.2628728791158808,2.8904508342959114,-0.7318601007254322,0.8219715052804824,-2.030517918923605,1.842708322681284,0.8697302831743312,-1.6587301041625,0.48974889087379975,0.5997940119221477,2019-07-15,130,0,2019,7
246,0.653679606144489,3.4095520219441933,2.1952901497601562,3.2761395945302727,0.7308714774392852,-0.7239615319602487,-0.6697909800342414,0.9337971213221938,1.1184107398484342,-2.0780692319607343,1.7707998500351014,0.5084068036913532,2019-08-15,131,0,2019,8
247,-2.503027440836595,3.2864567574670764,1.831179948602688,4.00203574844093,2.643005434796457,-0.21563022783234614,-4.697840568371959,0.5633774629688653,-0.745103972362144,-1.2267228408122526,1.8455710235176368,0.28018332676382873,2019-08-15,131,1,2019,8
248,-3.695144314046335,1.3596278996637425,1.1718745602361735,2.1432611408637787,-1.0061695249811764,0.23922268300098512,-4.132036730179314,3.9294225858915515,-0.27664774607580217,-1.2057037161549868,-0.6057441356864133,-1.6553035670310432,2019-09-15,132,1,2019,9
249,0.585659983606216,2.089799517300624,1.5169727930268848,2.0965434632890765,-0.506406798925997,-0.008905257820596108,-0.3521405933656337,3.614179508560644,1.582024338664631,-2.4377848484058644,0.7066959796675844,0.344757763260942,2019-09-15,132,0,2019,9
250,-1.0176209490198886,2.8110259887884803,2.16968324733856,2.932491921155841,0.3881064005945564,0.28313875553412715,-2.7080442208203244,4.09891541766287,1.3342522438557909,-2.2496740296604534,1.7337323059028718,-0.07087093453736829,2019-10-15,133,0,2019,10
251,-3.2444766019805793,1.5468887390046229,1.3274926420098114,2.670024122195692,0.37688400165469044,0.23096508136765603,-4.520911292538017,5.121075517286155,-0.6845300476250896,-0.8702635808555081,0.12970299286034245,-1.0513007611300933,2019-10-15,133,1,2019,10
252,-2.4340399897393072,-0.022765519503466183,0.306621650497275,1.5871278052618443,-1.9823105310879465,-0.48125130192527454,-4.383275423081693,4.0149611610153055,-1.5832147669169716,-1.1460470866142003,-0.5169567904920328,-0.7606838056039525,2019-11-15,134,1,2019,11
253,-1.157664610372085,0.2621179258266718,0.05841396114709085,1.1473896219114688,-2.161223892201172,0.38429046465170374,-1.8202564246269108,3.5574022855673393,0.6852953314538772,-2.9776469720438055,-0.29359570072403524,-0.17101135194636966,2019-11-15,134,0,2019,11
254,-3.667457721468082,2.0840224422188585,0.984972403564363,2.691459205595059,2.510962645846861,-0.3461654299888453,-4.114295493510133,3.827924546327829,-0.7101947238367338,-2.426874549384191,0.256680161482477,-0.4260193401621874,2019-12-15,135,1,2019,12
255,-1.854110248732424,1.3919090606331503,0.727427169840388,2.432343269817167,-0.9287500572273143,0.018610713185259285,-2.890789602738477,4.448259630881035,0.8606421690888735,-3.633752657449107,0.35619978283021386,-0.40643372818322054,2019-12-15,135,0,2019,12
256,-4.385541438727479,3.268345086244149,2.970986418587735,4.7588782005150705,-0.07990191072717451,-0.36781769649400703,-3.225668748448347,3.29957293700542,-0.1863011635755695,-2.4015976180067464,0.03099427929953079,-1.8679454192266152,2020-01-15,136,1,2020,1
257,-1.716500313884265,3.1982568067508343,3.3817102951633276,4.704555514575005,-0.9216374611356433,-0.06430228477185905,-1.4517810298297509,4.35963492648205,0.3660134236087535,-3.4772705707470744,0.24020799149777597,-1.3184557898603722,2020-01-15,136,0,2020,1
258,-3.1618160737283962,1.0513944142962475,1.5978094563118657,2.001031885847361,0.8461268342287933,0.20541024456525153,-3.4895513064771437,3.2304101198597706,0.5419683713284394,-1.8377904361524422,1.0572951160391708,-0.8195929148548711,2020-02-15,137,1,2020,2
259,0.5613094259176037,1.5731316607328631,2.2002137040232768,1.3694350969930627,0.3960545192744433,0.1545871502509266,-1.4485014546362298,3.603290133274592,1.200365090050295,-2.126899501621982,0.4571720033802248,0.9696823018790316,2020-02-15,137,0,2020,2
260,-7.3983869042178965,0.8623224116351575,7.062313863607522,-1.6880483391364431,0.9180554194499141,-0.739556634344933,-2.1584556262414583,6.577182728028254,-1.299943039278514,-1.8217949488571723,1.5606201139454114,-0.9372108741946569,2020-03-15,138,1,2020,3
261,-5.7471917115697,0.40054365970070577,4.238835222500076,-2.077954803577995,-0.640293100951799,-1.1865946960545248,1.453379337605717,6.099387589366215,-0.11354440161437752,-0.9723015479437515,0.5217472107676098,-1.130029234934888,2020-03-15,138,0,2020,3
262,-6.078227411554906,0.8755084559359018,2.7091984168276073,-1.7358717653542612,0.5115195222854104,-0.9603728623079006,2.6650572790830296,6.069001135432452,0.34560353528886817,-0.28098540960203694,2.307281770411711,-0.21065512314726015,2020-04-15,139,0,2020,4
263,-8.732303716553103,1.2052582875571607,4.831801659396291,-2.2012455422019332,3.0985353357139287,-1.1950648694705774,-1.8778377061257363,6.825750036569274,-1.5284526284479911,0.2113873751988924,2.515250216822956,-0.7344635307553602,2020-04-15,139,1,2020,4
